Series;Time;Value
Avg processor CPU;2017-02-06T14:00:00.000Z;4.502463334798813
Avg processor CPU;2017-02-06T14:10:00.000Z;4.780108246207238
Avg processor CPU;2017-02-06T14:20:00.000Z;4.853192661205927
Avg processor CPU;2017-02-06T14:30:00.000Z;4.294671075542768
Avg processor CPU;2017-02-06T14:40:00.000Z;4.742989026506741
Avg processor CPU;2017-02-06T14:50:00.000Z;4.717415643731753
Avg processor CPU;2017-02-06T15:00:00.000Z;4.42007866203785
Avg processor CPU;2017-02-06T15:10:00.000Z;4.718690861264864
Avg processor CPU;2017-02-06T15:20:00.000Z;4.780442116657893
Avg processor CPU;2017-02-06T15:30:00.000Z;4.275037290652593
Avg processor CPU;2017-02-06T15:40:00.000Z;4.8355557978153225
Avg processor CPU;2017-02-06T15:50:00.000Z;4.862646848956744
Avg processor CPU;2017-02-06T16:00:00.000Z;4.412437173724174
Avg processor CPU;2017-02-06T16:10:00.000Z;4.777234720190366
Avg processor CPU;2017-02-06T16:20:00.000Z;4.729437376062075
Avg processor CPU;2017-02-06T16:30:00.000Z;4.350184065103531
Avg processor CPU;2017-02-06T16:40:00.000Z;4.95096209247907
Avg processor CPU;2017-02-06T16:50:00.000Z;4.707759984334309
Avg processor CPU;2017-02-06T17:00:00.000Z;4.355066803097725
Avg processor CPU;2017-02-06T17:10:00.000Z;7.49084265033404
Avg processor CPU;2017-02-06T17:20:00.000Z;4.791080525517463
Avg processor CPU;2017-02-06T17:30:00.000Z;4.217072630921999
Avg processor CPU;2017-02-06T17:40:00.000Z;4.807957874735196
Avg processor CPU;2017-02-06T17:50:00.000Z;4.711695086956024
Avg processor CPU;2017-02-06T18:00:00.000Z;4.341752098997434
Avg processor CPU;2017-02-06T18:10:00.000Z;4.794095949331919
Avg processor CPU;2017-02-06T18:20:00.000Z;4.832577122251193
Avg processor CPU;2017-02-06T18:30:00.000Z;4.531403388579687
Avg processor CPU;2017-02-06T18:40:00.000Z;4.78777463833491
Avg processor CPU;2017-02-06T18:50:00.000Z;5.419914263486863
Avg processor CPU;2017-02-06T19:00:00.000Z;5.085295025507609
Avg processor CPU;2017-02-06T19:10:00.000Z;4.995313422878583
Avg processor CPU;2017-02-06T19:20:00.000Z;4.832325061162313
Avg processor CPU;2017-02-06T19:30:00.000Z;4.438356747229894
Avg processor CPU;2017-02-06T19:40:00.000Z;4.925384858250618
Avg processor CPU;2017-02-06T19:50:00.000Z;4.697750449180603
Avg processor CPU;2017-02-06T20:00:00.000Z;4.811949191490809
Avg processor CPU;2017-02-06T20:10:00.000Z;4.828443944454193
Avg processor CPU;2017-02-06T20:20:00.000Z;4.7187531858682625
Avg processor CPU;2017-02-06T20:30:00.000Z;4.22337577243646
Avg processor CPU;2017-02-06T20:40:00.000Z;4.799300832549731
Avg processor CPU;2017-02-06T20:50:00.000Z;4.6340568671623865
Avg processor CPU;2017-02-06T21:00:00.000Z;4.459514903028806
Avg processor CPU;2017-02-06T21:10:00.000Z;4.740792719523112
Avg processor CPU;2017-02-06T21:20:00.000Z;4.680927786231042
Avg processor CPU;2017-02-06T21:30:00.000Z;4.356160740057628
Avg processor CPU;2017-02-06T21:40:00.000Z;4.803341009219487
Avg processor CPU;2017-02-06T21:50:00.000Z;4.679291878143946
Avg processor CPU;2017-02-06T22:00:00.000Z;5.3770230382680895
Avg processor CPU;2017-02-06T22:10:00.000Z;5.214728032549222
Avg processor CPU;2017-02-06T22:20:00.000Z;4.813606733083725
Avg processor CPU;2017-02-06T22:30:00.000Z;4.318556491533915
Avg processor CPU;2017-02-06T22:40:00.000Z;4.965132212638855
Avg processor CPU;2017-02-06T22:50:00.000Z;4.77572850783666
Avg processor CPU;2017-02-06T23:00:00.000Z;6.35780223707358
Avg processor CPU;2017-02-06T23:10:00.000Z;7.554640699426333
Avg processor CPU;2017-02-06T23:20:00.000Z;4.9658327966928475
Avg processor CPU;2017-02-06T23:30:00.000Z;4.273700196544329
Avg processor CPU;2017-02-06T23:40:00.000Z;4.831117412447929
Avg processor CPU;2017-02-06T23:50:00.000Z;4.725665088494619
Avg processor CPU;2017-02-07T00:00:00.000Z;51.33077511588732
Avg processor CPU;2017-02-07T00:10:00.000Z;53.6352122147878
Avg processor CPU;2017-02-07T00:20:00.000Z;55.26239515940348
Avg processor CPU;2017-02-07T00:30:00.000Z;53.63159416516622
Avg processor CPU;2017-02-07T00:40:00.000Z;55.0846475760142
Avg processor CPU;2017-02-07T00:50:00.000Z;53.763205043474834
Avg processor CPU;2017-02-07T01:00:00.000Z;16.108587378263476
Avg processor CPU;2017-02-07T01:10:00.000Z;17.841795494159065
Avg processor CPU;2017-02-07T01:20:00.000Z;15.008078751961389
Avg processor CPU;2017-02-07T01:30:00.000Z;14.246603049834569
Avg processor CPU;2017-02-07T01:40:00.000Z;9.123303920030594
Avg processor CPU;2017-02-07T01:50:00.000Z;4.899429967006047
Avg processor CPU;2017-02-07T02:00:00.000Z;4.5023437996705375
Avg processor CPU;2017-02-07T02:10:00.000Z;4.833152514696121
Avg processor CPU;2017-02-07T02:20:00.000Z;4.843794814745586
Avg processor CPU;2017-02-07T02:30:00.000Z;4.3387669642766316
Avg processor CPU;2017-02-07T02:40:00.000Z;4.784153743584951
Avg processor CPU;2017-02-07T02:50:00.000Z;4.796348911523818
Avg processor CPU;2017-02-07T03:00:00.000Z;4.514484013120333
Avg processor CPU;2017-02-07T03:10:00.000Z;4.774325060844421
Avg processor CPU;2017-02-07T03:20:00.000Z;4.786484435200691
Avg processor CPU;2017-02-07T03:30:00.000Z;4.240128083030383
Avg processor CPU;2017-02-07T03:40:00.000Z;4.820752209424972
Avg processor CPU;2017-02-07T03:50:00.000Z;4.790841148296993
Avg processor CPU;2017-02-07T04:00:00.000Z;4.42930957376957
Avg processor CPU;2017-02-07T04:10:00.000Z;4.8602408876021705
Avg processor CPU;2017-02-07T04:20:00.000Z;4.824143552780152
Avg processor CPU;2017-02-07T04:30:00.000Z;4.244130221009255
Avg processor CPU;2017-02-07T04:40:00.000Z;4.836757040023803
Avg processor CPU;2017-02-07T04:50:00.000Z;4.906607719262441
Avg processor CPU;2017-02-07T05:00:00.000Z;4.469468136628469
Avg processor CPU;2017-02-07T05:10:00.000Z;4.944105361898741
Avg processor CPU;2017-02-07T05:20:00.000Z;4.85820631980896
Avg processor CPU;2017-02-07T05:30:00.000Z;4.316714307665825
Avg processor CPU;2017-02-07T05:40:00.000Z;4.878453704714775
Avg processor CPU;2017-02-07T05:50:00.000Z;4.770859950780869
Avg processor CPU;2017-02-07T06:00:00.000Z;4.4180528104305266
Avg processor CPU;2017-02-07T06:10:00.000Z;4.848248868187268
Avg processor CPU;2017-02-07T06:20:00.000Z;4.792504840095837
Avg processor CPU;2017-02-07T06:30:00.000Z;4.253960002462069
Avg processor CPU;2017-02-07T06:40:00.000Z;4.819353066881497
Avg processor CPU;2017-02-07T06:50:00.000Z;4.823505439360936
Avg processor CPU;2017-02-07T07:00:00.000Z;4.416811793049177
Avg processor CPU;2017-02-07T07:10:00.000Z;4.818478930989901
Avg processor CPU;2017-02-07T07:20:00.000Z;4.73943412999312
Avg processor CPU;2017-02-07T07:30:00.000Z;4.3383227805296585
Avg processor CPU;2017-02-07T07:40:00.000Z;4.827349522709847
Avg processor CPU;2017-02-07T07:50:00.000Z;4.767643046379089
Avg processor CPU;2017-02-07T08:00:00.000Z;4.590636533498764
Avg processor CPU;2017-02-07T08:10:00.000Z;4.879638607303301
Avg processor CPU;2017-02-07T08:20:00.000Z;7.674095373352369
Avg processor CPU;2017-02-07T08:30:00.000Z;4.673865326245626
Avg processor CPU;2017-02-07T08:40:00.000Z;4.973232322269016
Avg processor CPU;2017-02-07T08:50:00.000Z;4.7289089043935135
Avg processor CPU;2017-02-07T09:00:00.000Z;4.413298681378365
Avg processor CPU;2017-02-07T09:10:00.000Z;7.412951561808586
Avg processor CPU;2017-02-07T09:20:00.000Z;4.768254428108533
Avg processor CPU;2017-02-07T09:30:00.000Z;4.272616622845332
Avg processor CPU;2017-02-07T09:40:00.000Z;4.82098971803983
Avg processor CPU;2017-02-07T09:50:00.000Z;4.736583656072616
Avg processor CPU;2017-02-07T10:00:00.000Z;4.410432476798693
Avg processor CPU;2017-02-07T10:10:00.000Z;4.764977770050367
Avg processor CPU;2017-02-07T10:20:00.000Z;4.743573120236396
Avg processor CPU;2017-02-07T10:30:00.000Z;4.27019880215327
Avg processor CPU;2017-02-07T10:40:00.000Z;5.098151676853497
Avg processor CPU;2017-02-07T10:50:00.000Z;5.251105119784674
Avg processor CPU;2017-02-07T11:00:00.000Z;4.662975068887075
Avg processor CPU;2017-02-07T11:10:00.000Z;4.799306521813074
Avg processor CPU;2017-02-07T11:20:00.000Z;4.9238839775323875
Avg processor CPU;2017-02-07T11:30:00.000Z;4.962883992989858
Avg processor CPU;2017-02-07T11:40:00.000Z;4.760835625727971
Avg processor CPU;2017-02-07T11:50:00.000Z;4.722897458076477
Avg processor CPU;2017-02-07T12:00:00.000Z;4.437083167831103
Avg processor CPU;2017-02-07T12:10:00.000Z;4.787685774763425
Avg processor CPU;2017-02-07T12:20:00.000Z;4.790884429216385
Avg processor CPU;2017-02-07T12:30:00.000Z;4.293818870186806
Avg processor CPU;2017-02-07T12:40:00.000Z;4.771496154864629
Avg processor CPU;2017-02-07T12:50:00.000Z;4.732792003949483
Avg processor CPU;2017-02-07T13:00:00.000Z;4.431082727511724
Avg processor CPU;2017-02-07T13:10:00.000Z;4.999998440345128
Avg processor CPU;2017-02-07T13:20:00.000Z;4.777690250674883
Avg processor CPU;2017-02-07T13:30:00.000Z;4.318746004501978
Avg processor CPU;2017-02-07T13:40:00.000Z;4.749022382497787
Avg processor CPU;2017-02-07T13:50:00.000Z;4.719244452317556
Avg processor CPU;2017-02-07T14:00:00.000Z;4.494879705707232
Avg processor CPU;2017-02-07T14:10:00.000Z;4.795222279429436
Avg processor CPU;2017-02-07T14:20:00.000Z;4.850642365217209
Avg processor CPU;2017-02-07T14:30:00.000Z;4.320435394843419
Avg processor CPU;2017-02-07T14:40:00.000Z;4.794120240211487
Avg processor CPU;2017-02-07T14:50:00.000Z;4.715426237384479
Avg processor CPU;2017-02-07T15:00:00.000Z;4.45296654800574
Avg processor CPU;2017-02-07T15:10:00.000Z;4.826134927074115
Avg processor CPU;2017-02-07T15:20:00.000Z;4.789387313524882
Avg processor CPU;2017-02-07T15:30:00.000Z;4.534563934803009
Avg processor CPU;2017-02-07T15:40:00.000Z;4.84104302028815
Avg processor CPU;2017-02-07T15:50:00.000Z;4.842446711659431
Avg processor CPU;2017-02-07T16:00:00.000Z;4.469041548172632
Avg processor CPU;2017-02-07T16:10:00.000Z;4.8239689618349075
Avg processor CPU;2017-02-07T16:20:00.000Z;4.833609438935916
Avg processor CPU;2017-02-07T16:30:00.000Z;4.383138799667359
Avg processor CPU;2017-02-07T16:40:00.000Z;4.974584025144577
Avg processor CPU;2017-02-07T16:50:00.000Z;4.836592275897662
Avg processor CPU;2017-02-07T17:00:00.000Z;4.604964784781139
Avg processor CPU;2017-02-07T17:10:00.000Z;8.296278902888298
Avg processor CPU;2017-02-07T17:20:00.000Z;5.88301948606968
Avg processor CPU;2017-02-07T17:30:00.000Z;4.329677481452624
Avg processor CPU;2017-02-07T17:40:00.000Z;4.801895880699158
Avg processor CPU;2017-02-07T17:50:00.000Z;4.7719455689191825
Avg processor CPU;2017-02-07T18:00:00.000Z;4.370740958054861
Avg processor CPU;2017-02-07T18:10:00.000Z;4.779068447152774
Avg processor CPU;2017-02-07T18:20:00.000Z;4.746339104572932
Avg processor CPU;2017-02-07T18:30:00.000Z;4.2750410278638205
Avg processor CPU;2017-02-07T18:40:00.000Z;4.771140360832215
Avg processor CPU;2017-02-07T18:50:00.000Z;4.688020232319832
Avg processor CPU;2017-02-07T19:00:00.000Z;5.1054261237382885
Avg processor CPU;2017-02-07T19:10:00.000Z;4.988014242053032
Avg processor CPU;2017-02-07T19:20:00.000Z;4.89788307150205
Avg processor CPU;2017-02-07T19:30:00.000Z;4.48942158917586
Avg processor CPU;2017-02-07T19:40:00.000Z;4.976920041441917
Avg processor CPU;2017-02-07T19:50:00.000Z;4.896952631076177
Avg processor CPU;2017-02-07T20:00:00.000Z;4.711622319618861
Avg processor CPU;2017-02-07T20:10:00.000Z;5.051210374633471
Avg processor CPU;2017-02-07T20:20:00.000Z;5.335715168714524
Avg processor CPU;2017-02-07T20:30:00.000Z;4.582626791795095
Avg processor CPU;2017-02-07T20:40:00.000Z;5.016471684972446
Avg processor CPU;2017-02-07T20:50:00.000Z;4.892275537053743
Avg processor CPU;2017-02-07T21:00:00.000Z;4.6452153811852135
Avg processor CPU;2017-02-07T21:10:00.000Z;4.960062955816587
Avg processor CPU;2017-02-07T21:20:00.000Z;4.955798643827439
Avg processor CPU;2017-02-07T21:30:00.000Z;4.494989869991938
Avg processor CPU;2017-02-07T21:40:00.000Z;5.006726143757502
Avg processor CPU;2017-02-07T21:50:00.000Z;4.875250755747159
Avg processor CPU;2017-02-07T22:00:00.000Z;4.597050193945567
Avg processor CPU;2017-02-07T22:10:00.000Z;4.918944841623306
Avg processor CPU;2017-02-07T22:20:00.000Z;4.93853959441185
Avg processor CPU;2017-02-07T22:30:00.000Z;4.449254129330317
Avg processor CPU;2017-02-07T22:40:00.000Z;4.9565607140461605
Avg processor CPU;2017-02-07T22:50:00.000Z;4.9038842240969345
Avg processor CPU;2017-02-07T23:00:00.000Z;6.443564576903979
Avg processor CPU;2017-02-07T23:10:00.000Z;7.784553181131681
Avg processor CPU;2017-02-07T23:20:00.000Z;5.2644382168849315
Avg processor CPU;2017-02-07T23:30:00.000Z;4.558458431561788
Avg processor CPU;2017-02-07T23:40:00.000Z;5.0041505098342896
Avg processor CPU;2017-02-07T23:50:00.000Z;4.92845809062322
Avg processor CPU;2017-02-08T00:00:00.000Z;54.25165355205536
Avg processor CPU;2017-02-08T00:10:00.000Z;54.81520227591197
Avg processor CPU;2017-02-08T00:20:00.000Z;54.86602125167847
Avg processor CPU;2017-02-08T00:30:00.000Z;55.43300048510233
Avg processor CPU;2017-02-08T00:40:00.000Z;56.20849057833354
Avg processor CPU;2017-02-08T00:50:00.000Z;56.21929936408996
Avg processor CPU;2017-02-08T01:00:00.000Z;54.672749265034994
Avg processor CPU;2017-02-08T01:10:00.000Z;55.804403058687846
Avg processor CPU;2017-02-08T01:20:00.000Z;56.239886379241945
Avg processor CPU;2017-02-08T01:30:00.000Z;55.70394888718923
Avg processor CPU;2017-02-08T01:40:00.000Z;56.121759573618576
Avg processor CPU;2017-02-08T01:50:00.000Z;56.22892187436422
Avg processor CPU;2017-02-08T02:00:00.000Z;53.13966201146444
Avg processor CPU;2017-02-08T02:10:00.000Z;52.22940323352813
Avg processor CPU;2017-02-08T02:20:00.000Z;53.27837693691254
Avg processor CPU;2017-02-08T02:30:00.000Z;51.79247868855794
Avg processor CPU;2017-02-08T02:40:00.000Z;53.636219104131065
Avg processor CPU;2017-02-08T02:50:00.000Z;54.76251812775929
Avg processor CPU;2017-02-08T03:00:00.000Z;53.35851231416066
Avg processor CPU;2017-02-08T03:10:00.000Z;54.69055517514547
Avg processor CPU;2017-02-08T03:20:00.000Z;56.138401206334436
Avg processor CPU;2017-02-08T03:30:00.000Z;54.48525142669678
Avg processor CPU;2017-02-08T03:40:00.000Z;56.29317317008972
Avg processor CPU;2017-02-08T03:50:00.000Z;56.20415447552999
Avg processor CPU;2017-02-08T04:00:00.000Z;5.0156718581914905
Avg processor CPU;2017-02-08T04:10:00.000Z;5.020258044203123
Avg processor CPU;2017-02-08T04:20:00.000Z;4.914332577586174
Avg processor CPU;2017-02-08T04:30:00.000Z;4.4375546435515085
Avg processor CPU;2017-02-08T04:40:00.000Z;4.974399262666703
Avg processor CPU;2017-02-08T04:50:00.000Z;4.927581759293874
Avg processor CPU;2017-02-08T05:00:00.000Z;4.543248868981998
Avg processor CPU;2017-02-08T05:10:00.000Z;4.972432023286819
Avg processor CPU;2017-02-08T05:20:00.000Z;5.003209655483564
Avg processor CPU;2017-02-08T05:30:00.000Z;4.562586353222529
Avg processor CPU;2017-02-08T05:40:00.000Z;5.100208833813667
Avg processor CPU;2017-02-08T05:50:00.000Z;4.883490528663
Avg processor CPU;2017-02-08T06:00:00.000Z;4.639904895424843
Avg processor CPU;2017-02-08T06:10:00.000Z;4.954109849532445
Avg processor CPU;2017-02-08T06:20:00.000Z;4.933129987120628
Avg processor CPU;2017-02-08T06:30:00.000Z;4.47172559996446
Avg processor CPU;2017-02-08T06:40:00.000Z;5.020444324612617
Avg processor CPU;2017-02-08T06:50:00.000Z;4.897213171919187
Avg processor CPU;2017-02-08T07:00:00.000Z;4.669192549586296
Avg processor CPU;2017-02-08T07:10:00.000Z;4.961850335200628
Avg processor CPU;2017-02-08T07:20:00.000Z;4.918811137477556
Avg processor CPU;2017-02-08T07:30:00.000Z;4.443924960494042
Avg processor CPU;2017-02-08T07:40:00.000Z;4.990883273879687
Avg processor CPU;2017-02-08T07:50:00.000Z;4.848713422815005
Avg processor CPU;2017-02-08T08:00:00.000Z;4.635950799783071
Avg processor CPU;2017-02-08T08:10:00.000Z;4.969498537977536
Avg processor CPU;2017-02-08T08:20:00.000Z;4.935474307338397
Avg processor CPU;2017-02-08T08:30:00.000Z;4.623905027906099
Avg processor CPU;2017-02-08T08:40:00.000Z;5.129991666475932
Avg processor CPU;2017-02-08T08:50:00.000Z;4.9350139180819195
Avg processor CPU;2017-02-08T09:00:00.000Z;4.685379298528035
Avg processor CPU;2017-02-08T09:10:00.000Z;7.642265523473421
Avg processor CPU;2017-02-08T09:20:00.000Z;5.335171222686768
Avg processor CPU;2017-02-08T09:30:00.000Z;4.452152952551842
Avg processor CPU;2017-02-08T09:40:00.000Z;5.457833341757457
Avg processor CPU;2017-02-08T09:50:00.000Z;7.079608346025149
Avg processor CPU;2017-02-08T10:00:00.000Z;6.947036763032278
Avg processor CPU;2017-02-08T10:10:00.000Z;5.456113384167354
Avg processor CPU;2017-02-08T10:20:00.000Z;5.1199124922355015
Avg processor CPU;2017-02-08T10:30:00.000Z;4.529294940829277
Avg processor CPU;2017-02-08T10:40:00.000Z;5.021707553664843
Avg processor CPU;2017-02-08T10:50:00.000Z;5.06422269642353
Avg processor CPU;2017-02-08T11:00:00.000Z;4.648697982231776
Avg processor CPU;2017-02-08T11:10:00.000Z;4.9279303530852
Avg processor CPU;2017-02-08T11:20:00.000Z;4.942910248041153
Avg processor CPU;2017-02-08T11:30:00.000Z;4.612521141767502
Avg processor CPU;2017-02-08T11:40:00.000Z;5.048070825139681
Avg processor CPU;2017-02-08T11:50:00.000Z;4.93528431157271
Avg processor CPU;2017-02-08T12:00:00.000Z;4.715088113149007
Avg processor CPU;2017-02-08T12:10:00.000Z;4.904744502902031
Avg processor CPU;2017-02-08T12:20:00.000Z;4.940811022122701
Avg processor CPU;2017-02-08T12:30:00.000Z;4.513596028089523
Avg processor CPU;2017-02-08T12:40:00.000Z;4.991010336081187
Avg processor CPU;2017-02-08T12:50:00.000Z;4.9730464220047
Avg processor CPU;2017-02-08T13:00:00.000Z;4.573447672526042
Avg processor CPU;2017-02-08T13:10:00.000Z;4.941837809483211
Avg processor CPU;2017-02-08T13:20:00.000Z;4.931320364276568
Avg processor CPU;2017-02-08T13:30:00.000Z;4.459405572215716
Avg processor CPU;2017-02-08T13:40:00.000Z;4.985100190838178
Avg processor CPU;2017-02-08T13:50:00.000Z;4.952804179986318
Avg processor CPU;2017-02-08T14:00:00.000Z;4.535118098060289
Avg processor CPU;2017-02-08T14:10:00.000Z;4.945462596416474
Avg processor CPU;2017-02-08T14:20:00.000Z;4.951071377595266
Avg processor CPU;2017-02-08T14:30:00.000Z;4.527210264404615
Avg processor CPU;2017-02-08T14:40:00.000Z;5.0857407977183655
Avg processor CPU;2017-02-08T14:50:00.000Z;4.958261932929357
Avg processor CPU;2017-02-08T15:00:00.000Z;4.602049497763316
Avg processor CPU;2017-02-08T15:10:00.000Z;4.990830814838409
Avg processor CPU;2017-02-08T15:20:00.000Z;5.882073234518369
Avg processor CPU;2017-02-08T15:30:00.000Z;5.05675682425499
Avg processor CPU;2017-02-08T15:40:00.000Z;4.993449584643046
Avg processor CPU;2017-02-08T15:50:00.000Z;5.167949641744295
Avg processor CPU;2017-02-08T16:00:00.000Z;4.957225516438484
Avg processor CPU;2017-02-08T16:10:00.000Z;5.108737580974896
Avg processor CPU;2017-02-08T16:20:00.000Z;4.960119320948919
Avg processor CPU;2017-02-08T16:30:00.000Z;4.416180784503618
Avg processor CPU;2017-02-08T16:40:00.000Z;4.96716885169347
Avg processor CPU;2017-02-08T16:50:00.000Z;4.882142460346222
Avg processor CPU;2017-02-08T17:00:00.000Z;4.614024396737417
Avg processor CPU;2017-02-08T17:10:00.000Z;7.722796475887298
Avg processor CPU;2017-02-08T17:20:00.000Z;4.911782931288084
Avg processor CPU;2017-02-08T17:30:00.000Z;4.534905384977659
Avg processor CPU;2017-02-08T17:40:00.000Z;5.1466716488202415
Avg processor CPU;2017-02-08T17:50:00.000Z;4.9134812941153845
Avg processor CPU;2017-02-08T18:00:00.000Z;4.674912482500076
Avg processor CPU;2017-02-08T18:10:00.000Z;5.061920495827993
Avg processor CPU;2017-02-08T18:20:00.000Z;4.893763902783395
Avg processor CPU;2017-02-08T18:30:00.000Z;4.437537351250649
Avg processor CPU;2017-02-08T18:40:00.000Z;5.1139061937729515
Avg processor CPU;2017-02-08T18:50:00.000Z;4.897502392530441
Avg processor CPU;2017-02-08T19:00:00.000Z;4.710212790966034
Avg processor CPU;2017-02-08T19:10:00.000Z;5.01002371708552
Avg processor CPU;2017-02-08T19:20:00.000Z;4.904247842232387
Avg processor CPU;2017-02-08T19:30:00.000Z;4.608761877814929
Avg processor CPU;2017-02-08T19:40:00.000Z;5.520551540454229
Avg processor CPU;2017-02-08T19:50:00.000Z;4.9496000428994495
Avg processor CPU;2017-02-08T20:00:00.000Z;4.697690552473068
Avg processor CPU;2017-02-08T20:10:00.000Z;4.962425344189008
Avg processor CPU;2017-02-08T20:20:00.000Z;4.974075425664584
Avg processor CPU;2017-02-08T20:30:00.000Z;4.4355056126912435
Avg processor CPU;2017-02-08T20:40:00.000Z;4.982926510771115
Avg processor CPU;2017-02-08T20:50:00.000Z;4.8995200832684835
Avg processor CPU;2017-02-08T21:00:00.000Z;4.62701900601387
Avg processor CPU;2017-02-08T21:10:00.000Z;4.886004293958346
Avg processor CPU;2017-02-08T21:20:00.000Z;4.97382441063722
Avg processor CPU;2017-02-08T21:30:00.000Z;4.4505654315153755
Avg processor CPU;2017-02-08T21:40:00.000Z;5.021479240059852
Avg processor CPU;2017-02-08T21:50:00.000Z;4.97112477918466
Avg processor CPU;2017-02-08T22:00:00.000Z;4.846317141254743
Avg processor CPU;2017-02-08T22:10:00.000Z;5.485218390822411
Avg processor CPU;2017-02-08T22:20:00.000Z;4.94318098227183
Avg processor CPU;2017-02-08T22:30:00.000Z;4.4471274276574455
Avg processor CPU;2017-02-08T22:40:00.000Z;4.986009217302005
Avg processor CPU;2017-02-08T22:50:00.000Z;4.932831956942876
Avg processor CPU;2017-02-08T23:00:00.000Z;6.574289015928905
Avg processor CPU;2017-02-08T23:10:00.000Z;7.703223626812299
Avg processor CPU;2017-02-08T23:20:00.000Z;5.133509593208631
Avg processor CPU;2017-02-08T23:30:00.000Z;4.494699531793594
Avg processor CPU;2017-02-08T23:40:00.000Z;4.940499297777812
Avg processor CPU;2017-02-08T23:50:00.000Z;4.93658247590065
Avg processor CPU;2017-02-09T00:00:00.000Z;53.25486792325974
Avg processor CPU;2017-02-09T00:10:00.000Z;54.34360327720643
Avg processor CPU;2017-02-09T00:20:00.000Z;56.21897118886312
Avg processor CPU;2017-02-09T00:30:00.000Z;56.10911355018615
Avg processor CPU;2017-02-09T00:40:00.000Z;55.77531776428222
Avg processor CPU;2017-02-09T00:50:00.000Z;49.854085711638135
Avg processor CPU;2017-02-09T01:00:00.000Z;20.199945511420566
Avg processor CPU;2017-02-09T01:10:00.000Z;19.732660730679832
Avg processor CPU;2017-02-09T01:20:00.000Z;16.564488907655083
Avg processor CPU;2017-02-09T01:30:00.000Z;14.854665168126424
Avg processor CPU;2017-02-09T01:40:00.000Z;12.602909829219183
Avg processor CPU;2017-02-09T01:50:00.000Z;6.0949819684028625
Avg processor CPU;2017-02-09T02:00:00.000Z;5.031773157914479
Avg processor CPU;2017-02-09T02:10:00.000Z;5.227826830744743
Avg processor CPU;2017-02-09T02:20:00.000Z;5.161364913980166
Avg processor CPU;2017-02-09T02:30:00.000Z;4.644883746902147
Avg processor CPU;2017-02-09T02:40:00.000Z;5.1216299811999
Avg processor CPU;2017-02-09T02:50:00.000Z;4.905423241853715
Avg processor CPU;2017-02-09T03:00:00.000Z;4.609212245543798
Avg processor CPU;2017-02-09T03:10:00.000Z;5.143148551384607
Avg processor CPU;2017-02-09T03:20:00.000Z;4.926291673382123
Avg processor CPU;2017-02-09T03:30:00.000Z;4.4199198782444
Avg processor CPU;2017-02-09T03:40:00.000Z;4.9542913943529125
Avg processor CPU;2017-02-09T03:50:00.000Z;4.99554713567098
Avg processor CPU;2017-02-09T04:00:00.000Z;4.591721338033675
Avg processor CPU;2017-02-09T04:10:00.000Z;5.0216844946146
Avg processor CPU;2017-02-09T04:20:00.000Z;5.370668299992879
Avg processor CPU;2017-02-09T04:30:00.000Z;4.648074026902517
Avg processor CPU;2017-02-09T04:40:00.000Z;4.99773867825667
Avg processor CPU;2017-02-09T04:50:00.000Z;4.85440301199754
Avg processor CPU;2017-02-09T05:00:00.000Z;4.657850771149
Avg processor CPU;2017-02-09T05:10:00.000Z;5.069299109776814
Avg processor CPU;2017-02-09T05:20:00.000Z;4.864877143502236
Avg processor CPU;2017-02-09T05:30:00.000Z;4.554735242773633
Avg processor CPU;2017-02-09T05:40:00.000Z;5.175669516126314
Avg processor CPU;2017-02-09T05:50:00.000Z;4.863257490595181
Avg processor CPU;2017-02-09T06:00:00.000Z;4.6571483244498575
Avg processor CPU;2017-02-09T06:10:00.000Z;4.954818146427472
Avg processor CPU;2017-02-09T06:20:00.000Z;4.870994681119919
Avg processor CPU;2017-02-09T06:30:00.000Z;4.4545486748218535
Avg processor CPU;2017-02-09T06:40:00.000Z;5.002884339292844
Avg processor CPU;2017-02-09T06:50:00.000Z;4.930148805181185
Avg processor CPU;2017-02-09T07:00:00.000Z;4.612810399134954
Avg processor CPU;2017-02-09T07:10:00.000Z;4.9968474517265955
Avg processor CPU;2017-02-09T07:20:00.000Z;5.013076407710711
Avg processor CPU;2017-02-09T07:30:00.000Z;5.048702946305275
Avg processor CPU;2017-02-09T07:40:00.000Z;5.0528831044832865
Avg processor CPU;2017-02-09T07:50:00.000Z;4.823040739695231
Avg processor CPU;2017-02-09T08:00:00.000Z;4.650362691283226
Avg processor CPU;2017-02-09T08:10:00.000Z;5.037533209721247
Avg processor CPU;2017-02-09T08:20:00.000Z;5.078634669383367
Avg processor CPU;2017-02-09T08:30:00.000Z;4.4603287746508915
Avg processor CPU;2017-02-09T08:40:00.000Z;4.961113359530767
Avg processor CPU;2017-02-09T08:50:00.000Z;4.9880896697441734
Avg processor CPU;2017-02-09T09:00:00.000Z;4.6410913626352945
Avg processor CPU;2017-02-09T09:10:00.000Z;7.592417612671852
Avg processor CPU;2017-02-09T09:20:00.000Z;4.821929294864336
Avg processor CPU;2017-02-09T09:30:00.000Z;4.252508100867272
Avg processor CPU;2017-02-09T09:40:00.000Z;5.626499816775322
Avg processor CPU;2017-02-09T09:50:00.000Z;4.917941016952197
Avg processor CPU;2017-02-09T10:00:00.000Z;4.830371673901876
Avg processor CPU;2017-02-09T10:10:00.000Z;4.939905696113904
Avg processor CPU;2017-02-09T10:20:00.000Z;4.827952408790589
Avg processor CPU;2017-02-09T10:30:00.000Z;4.391209634145101
Avg processor CPU;2017-02-09T10:40:00.000Z;5.157287074128787
Avg processor CPU;2017-02-09T10:50:00.000Z;4.760926141341527
Avg processor CPU;2017-02-09T11:00:00.000Z;4.614183027545611
Avg processor CPU;2017-02-09T11:10:00.000Z;4.793931752443314
Avg processor CPU;2017-02-09T11:20:00.000Z;5.37302545706431
Avg processor CPU;2017-02-09T11:30:00.000Z;4.362006049354871
Avg processor CPU;2017-02-09T11:40:00.000Z;4.757366120815277
Avg processor CPU;2017-02-09T11:50:00.000Z;4.730020158489545
Avg processor CPU;2017-02-09T12:00:00.000Z;4.4016253590583805
Avg processor CPU;2017-02-09T12:10:00.000Z;4.769121084610621
Avg processor CPU;2017-02-09T12:20:00.000Z;4.773445159196854
Avg processor CPU;2017-02-09T12:30:00.000Z;4.283320151766142
Avg processor CPU;2017-02-09T12:40:00.000Z;4.807747877637546
Avg processor CPU;2017-02-09T12:50:00.000Z;4.749992410341898
Avg processor CPU;2017-02-09T13:00:00.000Z;4.472904662291209
Avg processor CPU;2017-02-09T13:10:00.000Z;4.797189065814019
Avg processor CPU;2017-02-09T13:20:00.000Z;4.8463218212127686
Avg processor CPU;2017-02-09T13:30:00.000Z;4.226668284336726
Avg processor CPU;2017-02-09T13:40:00.000Z;4.879043683409691
Avg processor CPU;2017-02-09T13:50:00.000Z;4.909569857517878
Avg processor CPU;2017-02-09T14:00:00.000Z;4.601495010654132
Avg processor CPU;2017-02-09T14:10:00.000Z;4.994063220421473
Avg processor CPU;2017-02-09T14:20:00.000Z;5.893165650963784
Avg processor CPU;2017-02-09T14:30:00.000Z;4.497013099988301
Avg processor CPU;2017-02-09T14:40:00.000Z;4.936537474393845
Avg processor CPU;2017-02-09T14:50:00.000Z;4.958619908491771
Avg processor CPU;2017-02-09T15:00:00.000Z;7.528433218598366
Avg processor CPU;2017-02-09T15:10:00.000Z;5.13450452486674
Avg processor CPU;2017-02-09T15:20:00.000Z;4.884618736306827
Avg processor CPU;2017-02-09T15:30:00.000Z;18.168470111489295
Avg processor CPU;2017-02-09T15:40:00.000Z;5.568361480037371
Avg processor CPU;2017-02-09T15:50:00.000Z;5.27960740228494
Avg processor CPU;2017-02-09T16:00:00.000Z;4.980378934741021
Avg processor CPU;2017-02-09T16:10:00.000Z;5.251875381668409
Avg processor CPU;2017-02-09T16:20:00.000Z;5.176900123556456
Avg processor CPU;2017-02-09T16:30:00.000Z;4.720467579364776
Avg processor CPU;2017-02-09T16:40:00.000Z;5.238120334347089
Avg processor CPU;2017-02-09T16:50:00.000Z;5.178379185001056
Avg processor CPU;2017-02-09T17:00:00.000Z;4.502303837736448
Avg processor CPU;2017-02-09T17:10:00.000Z;7.605716890096664
Avg processor CPU;2017-02-09T17:20:00.000Z;4.8534307271242145
Avg processor CPU;2017-02-09T17:30:00.000Z;4.390083340803782
Avg processor CPU;2017-02-09T17:40:00.000Z;6.094753281275431
Avg processor CPU;2017-02-09T17:50:00.000Z;6.717761220534642
Avg processor CPU;2017-02-09T18:00:00.000Z;4.888329287370046
Avg processor CPU;2017-02-09T18:10:00.000Z;6.284800109267234
Avg processor CPU;2017-02-09T18:20:00.000Z;5.320548694332441
Avg processor CPU;2017-02-09T18:30:00.000Z;4.333736090858777
Avg processor CPU;2017-02-09T18:40:00.000Z;4.960491382082303
Avg processor CPU;2017-02-09T18:50:00.000Z;4.857000650962194
Avg processor CPU;2017-02-09T19:00:00.000Z;4.492720263202985
Avg processor CPU;2017-02-09T19:10:00.000Z;4.7857310225566225
Avg processor CPU;2017-02-09T19:20:00.000Z;4.753818362951279
Avg processor CPU;2017-02-09T19:30:00.000Z;4.272901833057404
Avg processor CPU;2017-02-09T19:40:00.000Z;4.860253235697746
Avg processor CPU;2017-02-09T19:50:00.000Z;4.707444068789481
Avg processor CPU;2017-02-09T20:00:00.000Z;4.430829302469889
Avg processor CPU;2017-02-09T20:10:00.000Z;4.819964973131816
Avg processor CPU;2017-02-09T20:20:00.000Z;4.886306634545326
Avg processor CPU;2017-02-09T20:30:00.000Z;4.458967475096385
Avg processor CPU;2017-02-09T20:40:00.000Z;4.8768783966700235
Avg processor CPU;2017-02-09T20:50:00.000Z;4.882005838553111
Avg processor CPU;2017-02-09T21:00:00.000Z;5.618205534418424
Avg processor CPU;2017-02-09T21:10:00.000Z;4.81666211883227
Avg processor CPU;2017-02-09T21:20:00.000Z;5.438750154773395
Avg processor CPU;2017-02-09T21:30:00.000Z;4.4087901969750725
Avg processor CPU;2017-02-09T21:40:00.000Z;4.80428757071495
Avg processor CPU;2017-02-09T21:50:00.000Z;4.790520652135213
Avg processor CPU;2017-02-09T22:00:00.000Z;4.4472948203484215
Avg processor CPU;2017-02-09T22:10:00.000Z;4.765988333026568
Avg processor CPU;2017-02-09T22:20:00.000Z;4.717422688007355
Avg processor CPU;2017-02-09T22:30:00.000Z;4.360097135106723
Avg processor CPU;2017-02-09T22:40:00.000Z;4.737598132093748
Avg processor CPU;2017-02-09T22:50:00.000Z;4.697225160400073
Avg processor CPU;2017-02-09T23:00:00.000Z;6.227047661940256
Avg processor CPU;2017-02-09T23:10:00.000Z;7.788962765534718
Avg processor CPU;2017-02-09T23:20:00.000Z;4.801557918389638
Avg processor CPU;2017-02-09T23:30:00.000Z;4.410032105445862
Avg processor CPU;2017-02-09T23:40:00.000Z;4.986720922589303
Avg processor CPU;2017-02-09T23:50:00.000Z;4.8772557536760965
Avg processor CPU;2017-02-10T00:00:00.000Z;51.91789220968882
Avg processor CPU;2017-02-10T00:10:00.000Z;53.5377779563268
Avg processor CPU;2017-02-10T00:20:00.000Z;53.923120482762656
Avg processor CPU;2017-02-10T00:30:00.000Z;53.3130744377772
Avg processor CPU;2017-02-10T00:40:00.000Z;55.69618638356527
Avg processor CPU;2017-02-10T00:50:00.000Z;53.19886879126231
Avg processor CPU;2017-02-10T01:00:00.000Z;52.14907265504201
Avg processor CPU;2017-02-10T01:10:00.000Z;53.77218625545502
Avg processor CPU;2017-02-10T01:20:00.000Z;55.63990877469381
Avg processor CPU;2017-02-10T01:30:00.000Z;53.962425875663754
Avg processor CPU;2017-02-10T01:40:00.000Z;55.68090825080871
Avg processor CPU;2017-02-10T01:50:00.000Z;55.74708422025045
Avg processor CPU;2017-02-10T02:00:00.000Z;53.7761877934138
Avg processor CPU;2017-02-10T02:10:00.000Z;53.67748472690582
Avg processor CPU;2017-02-10T02:20:00.000Z;54.344400580724084
Avg processor CPU;2017-02-10T02:30:00.000Z;52.178527911504105
Avg processor CPU;2017-02-10T02:40:00.000Z;53.32568480968475
Avg processor CPU;2017-02-10T02:50:00.000Z;53.43002103169759
Avg processor CPU;2017-02-10T03:00:00.000Z;52.892996056874594
Avg processor CPU;2017-02-10T03:10:00.000Z;51.83098759651184
Avg processor CPU;2017-02-10T03:20:00.000Z;54.60253528753916
Avg processor CPU;2017-02-10T03:30:00.000Z;54.46486197312673
Avg processor CPU;2017-02-10T03:40:00.000Z;53.77385091781616
Avg processor CPU;2017-02-10T03:50:00.000Z;54.25120666027069
Avg processor CPU;2017-02-10T04:00:00.000Z;5.479269496599834
Avg processor CPU;2017-02-10T04:10:00.000Z;5.310893348852794
Avg processor CPU;2017-02-10T04:20:00.000Z;5.1974156657854715
Avg processor CPU;2017-02-10T04:30:00.000Z;4.95719397366047
Avg processor CPU;2017-02-10T04:40:00.000Z;5.444414948423704
Avg processor CPU;2017-02-10T04:50:00.000Z;5.364241746068
Avg processor CPU;2017-02-10T05:00:00.000Z;5.087962412834168
Avg processor CPU;2017-02-10T05:10:00.000Z;5.437333397070567
Avg processor CPU;2017-02-10T05:20:00.000Z;5.342033235232035
Avg processor CPU;2017-02-10T05:30:00.000Z;5.08815424144268
Avg processor CPU;2017-02-10T05:40:00.000Z;5.536371951301893
Avg processor CPU;2017-02-10T05:50:00.000Z;5.692167575160662
Avg processor CPU;2017-02-10T06:00:00.000Z;5.141474919517835
Avg processor CPU;2017-02-10T06:10:00.000Z;5.568005255858104
Avg processor CPU;2017-02-10T06:20:00.000Z;5.660872277617454
Avg processor CPU;2017-02-10T06:30:00.000Z;5.747567839423816
Avg processor CPU;2017-02-10T06:40:00.000Z;5.806746316949527
Avg processor CPU;2017-02-10T06:50:00.000Z;5.783846635619799
Avg processor CPU;2017-02-10T07:00:00.000Z;5.132006080945333
Avg processor CPU;2017-02-10T07:10:00.000Z;5.487536914149921
Avg processor CPU;2017-02-10T07:20:00.000Z;5.427575588226318
Avg processor CPU;2017-02-10T07:30:00.000Z;4.958451051513354
Avg processor CPU;2017-02-10T07:40:00.000Z;5.431774860620498
Avg processor CPU;2017-02-10T07:50:00.000Z;5.3965767880280815
Avg processor CPU;2017-02-10T08:00:00.000Z;5.3411303977171585
Avg processor CPU;2017-02-10T08:10:00.000Z;5.472933747371037
Avg processor CPU;2017-02-10T08:20:00.000Z;5.505089393258094
Avg processor CPU;2017-02-10T08:30:00.000Z;5.038235651453336
Avg processor CPU;2017-02-10T08:40:00.000Z;5.586757124463717
Avg processor CPU;2017-02-10T08:50:00.000Z;5.524277980128924
Avg processor CPU;2017-02-10T09:00:00.000Z;5.493243151903153
Avg processor CPU;2017-02-10T09:10:00.000Z;8.213325088222822
Avg processor CPU;2017-02-10T09:20:00.000Z;5.467204908529917
Avg processor CPU;2017-02-10T09:30:00.000Z;6.151927536725998
Avg processor CPU;2017-02-10T09:40:00.000Z;5.479983331759771
Avg processor CPU;2017-02-10T09:50:00.000Z;5.92176877061526
Avg processor CPU;2017-02-10T10:00:00.000Z;5.320280674099922
Avg processor CPU;2017-02-10T10:10:00.000Z;6.025412057836851
Avg processor CPU;2017-02-10T10:20:00.000Z;5.4636037578185395
Avg processor CPU;2017-02-10T10:30:00.000Z;5.019293918212255
Avg processor CPU;2017-02-10T10:40:00.000Z;5.377073682347934
Avg processor CPU;2017-02-10T10:50:00.000Z;5.274676315983136
Avg processor CPU;2017-02-10T11:00:00.000Z;4.88332535425822
Avg processor CPU;2017-02-10T11:10:00.000Z;5.473142963647842
Avg processor CPU;2017-02-10T11:20:00.000Z;5.166790327429771
Avg processor CPU;2017-02-10T11:30:00.000Z;4.772517432769139
Avg processor CPU;2017-02-10T11:40:00.000Z;5.396221333742142
Avg processor CPU;2017-02-10T11:50:00.000Z;5.2766119748353955
Avg processor CPU;2017-02-10T12:00:00.000Z;4.94752705891927
Avg processor CPU;2017-02-10T12:10:00.000Z;5.414334696531295
Avg processor CPU;2017-02-10T12:20:00.000Z;5.271279903252919
Avg processor CPU;2017-02-10T12:30:00.000Z;4.770340963204701
Avg processor CPU;2017-02-10T12:40:00.000Z;5.410127161939939
Avg processor CPU;2017-02-10T12:50:00.000Z;5.264538146058719
Avg processor CPU;2017-02-10T13:00:00.000Z;4.970093293984731
Avg processor CPU;2017-02-10T13:10:00.000Z;5.378283160924911
Avg processor CPU;2017-02-10T13:20:00.000Z;5.264160870512327
Avg processor CPU;2017-02-10T13:30:00.000Z;4.784984302520752
Avg processor CPU;2017-02-10T13:40:00.000Z;5.270119448502858
Avg processor CPU;2017-02-10T13:50:00.000Z;5.394951236248016
Avg processor CPU;2017-02-10T14:00:00.000Z;5.005426585674286
Avg processor CPU;2017-02-10T14:10:00.000Z;5.3562071760495495
Avg processor CPU;2017-02-10T14:20:00.000Z;5.178788369894027
Avg processor CPU;2017-02-10T14:30:00.000Z;4.794202240308126
Avg processor CPU;2017-02-10T14:40:00.000Z;5.316798702875773
Avg processor CPU;2017-02-10T14:50:00.000Z;5.199068129062653
Avg processor CPU;2017-02-10T15:00:00.000Z;5.12381051381429
Avg processor CPU;2017-02-10T15:10:00.000Z;5.3665753364562985
Avg processor CPU;2017-02-10T15:20:00.000Z;5.210357600450516
Avg processor CPU;2017-02-10T15:30:00.000Z;4.8256942669550575
Avg processor CPU;2017-02-10T15:40:00.000Z;5.343801926573118
Avg processor CPU;2017-02-10T15:50:00.000Z;5.212044435739517
Avg processor CPU;2017-02-10T16:00:00.000Z;4.923565867543221
Avg processor CPU;2017-02-10T16:10:00.000Z;5.32119072775046
Avg processor CPU;2017-02-10T16:20:00.000Z;5.190793498357137
Avg processor CPU;2017-02-10T16:30:00.000Z;5.259751852353414
Avg processor CPU;2017-02-10T16:40:00.000Z;6.4409973909457525
Avg processor CPU;2017-02-10T16:50:00.000Z;5.5454181879758835
Avg processor CPU;2017-02-10T17:00:00.000Z;4.972507228453954
Avg processor CPU;2017-02-10T17:10:00.000Z;7.780224034190178
Avg processor CPU;2017-02-10T17:20:00.000Z;4.716119287411372
Avg processor CPU;2017-02-10T17:30:00.000Z;4.336896189053854
Avg processor CPU;2017-02-10T17:40:00.000Z;4.820027557015418
Avg processor CPU;2017-02-10T17:50:00.000Z;4.782787696520487
Avg processor CPU;2017-02-10T18:00:00.000Z;4.454690372943878
Avg processor CPU;2017-02-10T18:10:00.000Z;4.845658508936564
Avg processor CPU;2017-02-10T18:20:00.000Z;4.8316516250371935
Avg processor CPU;2017-02-10T18:30:00.000Z;4.315913042426109
Avg processor CPU;2017-02-10T18:40:00.000Z;4.829814467827479
Avg processor CPU;2017-02-10T18:50:00.000Z;4.719582935174306
Avg processor CPU;2017-02-10T19:00:00.000Z;4.502502259612084
Avg processor CPU;2017-02-10T19:10:00.000Z;4.717511931061745
Avg processor CPU;2017-02-10T19:20:00.000Z;4.742967146635055
Avg processor CPU;2017-02-10T19:30:00.000Z;4.329784892002742
Avg processor CPU;2017-02-10T19:40:00.000Z;4.845671703418096
Avg processor CPU;2017-02-10T19:50:00.000Z;4.725151006380717
Avg processor CPU;2017-02-10T20:00:00.000Z;4.611331082383791
Avg processor CPU;2017-02-10T20:10:00.000Z;4.961959161361058
Avg processor CPU;2017-02-10T20:20:00.000Z;4.84550621509552
Avg processor CPU;2017-02-10T20:30:00.000Z;4.361360208193461
Avg processor CPU;2017-02-10T20:40:00.000Z;4.887908607721329
Avg processor CPU;2017-02-10T20:50:00.000Z;5.213175052404404
Avg processor CPU;2017-02-10T21:00:00.000Z;4.492485803365708
Avg processor CPU;2017-02-10T21:10:00.000Z;4.895516854524612
Avg processor CPU;2017-02-10T21:20:00.000Z;5.214511250456175
Avg processor CPU;2017-02-10T21:30:00.000Z;5.217545314629873
Avg processor CPU;2017-02-10T21:40:00.000Z;5.2935526132583615
Avg processor CPU;2017-02-10T21:50:00.000Z;4.885526611407598
Avg processor CPU;2017-02-10T22:00:00.000Z;5.33866463303566
Avg processor CPU;2017-02-10T22:10:00.000Z;5.645577043294907
Avg processor CPU;2017-02-10T22:20:00.000Z;5.309836158156395
Avg processor CPU;2017-02-10T22:30:00.000Z;5.1704626947641374
Avg processor CPU;2017-02-10T22:40:00.000Z;6.088432491819064
Avg processor CPU;2017-02-10T22:50:00.000Z;5.329175266623497
Avg processor CPU;2017-02-10T23:00:00.000Z;7.327224561572075
Avg processor CPU;2017-02-10T23:10:00.000Z;8.97669983804226
Avg processor CPU;2017-02-10T23:20:00.000Z;5.372690763076147
Avg processor CPU;2017-02-10T23:30:00.000Z;5.030003422498703
Avg processor CPU;2017-02-10T23:40:00.000Z;5.324943285187086
Avg processor CPU;2017-02-10T23:50:00.000Z;5.409551299611728
Avg processor CPU;2017-02-11T00:00:00.000Z;55.083093615372974
Avg processor CPU;2017-02-11T00:10:00.000Z;56.434438435236615
Avg processor CPU;2017-02-11T00:20:00.000Z;55.47686550617218
Avg processor CPU;2017-02-11T00:30:00.000Z;55.309397570292155
Avg processor CPU;2017-02-11T00:40:00.000Z;54.02354338963826
Avg processor CPU;2017-02-11T00:50:00.000Z;41.336930874983466
Avg processor CPU;2017-02-11T01:00:00.000Z;31.49395525654157
Avg processor CPU;2017-02-11T01:10:00.000Z;18.45811306436857
Avg processor CPU;2017-02-11T01:20:00.000Z;15.323017698526382
Avg processor CPU;2017-02-11T01:30:00.000Z;14.325819061199823
Avg processor CPU;2017-02-11T01:40:00.000Z;11.570144255956015
Avg processor CPU;2017-02-11T01:50:00.000Z;7.872060215473175
Avg processor CPU;2017-02-11T02:00:00.000Z;4.593696317076683
Avg processor CPU;2017-02-11T02:10:00.000Z;4.948580090204874
Avg processor CPU;2017-02-11T02:20:00.000Z;5.1133029977480575
Avg processor CPU;2017-02-11T02:30:00.000Z;4.574905275305112
Avg processor CPU;2017-02-11T02:40:00.000Z;4.926087466875712
Avg processor CPU;2017-02-11T02:50:00.000Z;4.805090817809105
Avg processor CPU;2017-02-11T03:00:00.000Z;4.5371160517136255
Avg processor CPU;2017-02-11T03:10:00.000Z;4.860043403506279
Avg processor CPU;2017-02-11T03:20:00.000Z;4.8629740764697384
Avg processor CPU;2017-02-11T03:30:00.000Z;4.374810440341632
Avg processor CPU;2017-02-11T03:40:00.000Z;4.927351056536039
Avg processor CPU;2017-02-11T03:50:00.000Z;4.886331743995349
Avg processor CPU;2017-02-11T04:00:00.000Z;4.574741878112157
Avg processor CPU;2017-02-11T04:10:00.000Z;4.89176451464494
Avg processor CPU;2017-02-11T04:20:00.000Z;4.802385477224986
Avg processor CPU;2017-02-11T04:30:00.000Z;4.3642333855231605
Avg processor CPU;2017-02-11T04:40:00.000Z;4.88915839890639
Avg processor CPU;2017-02-11T04:50:00.000Z;4.817839843034744
Avg processor CPU;2017-02-11T05:00:00.000Z;4.557502439618111
Avg processor CPU;2017-02-11T05:10:00.000Z;4.85581661760807
Avg processor CPU;2017-02-11T05:20:00.000Z;5.001675012707711
Avg processor CPU;2017-02-11T05:30:00.000Z;4.510036644339562
Avg processor CPU;2017-02-11T05:40:00.000Z;5.048040204246838
Avg processor CPU;2017-02-11T05:50:00.000Z;4.822127978006998
Avg processor CPU;2017-02-11T06:00:00.000Z;4.428532667954762
Avg processor CPU;2017-02-11T06:10:00.000Z;4.789407361547152
Avg processor CPU;2017-02-11T06:20:00.000Z;4.797762043277423
Avg processor CPU;2017-02-11T06:30:00.000Z;4.283308468262355
Avg processor CPU;2017-02-11T06:40:00.000Z;4.7822728206714
Avg processor CPU;2017-02-11T06:50:00.000Z;4.7530896931886675
Avg processor CPU;2017-02-11T07:00:00.000Z;4.426842202742895
Avg processor CPU;2017-02-11T07:10:00.000Z;4.755854699015618
Avg processor CPU;2017-02-11T07:20:00.000Z;4.724421115716298
Avg processor CPU;2017-02-11T07:30:00.000Z;4.305536342660586
Avg processor CPU;2017-02-11T07:40:00.000Z;4.7455726583798725
Avg processor CPU;2017-02-11T07:50:00.000Z;4.799166641632716
Avg processor CPU;2017-02-11T08:00:00.000Z;4.422272378206253
Avg processor CPU;2017-02-11T08:10:00.000Z;4.816229780515036
Avg processor CPU;2017-02-11T08:20:00.000Z;4.717729448278745
Avg processor CPU;2017-02-11T08:30:00.000Z;4.531371731559435
Avg processor CPU;2017-02-11T08:40:00.000Z;4.938647335767746
Avg processor CPU;2017-02-11T08:50:00.000Z;4.799257305264472
Avg processor CPU;2017-02-11T09:00:00.000Z;4.331306231021881
Avg processor CPU;2017-02-11T09:10:00.000Z;7.595055879155795
Avg processor CPU;2017-02-11T09:20:00.000Z;4.861892617742221
Avg processor CPU;2017-02-11T09:30:00.000Z;4.281314194202423
Avg processor CPU;2017-02-11T09:40:00.000Z;4.748449630538623
Avg processor CPU;2017-02-11T09:50:00.000Z;4.816867118080457
Avg processor CPU;2017-02-11T10:00:00.000Z;4.343573113282521
Avg processor CPU;2017-02-11T10:10:00.000Z;4.867526317636171
Avg processor CPU;2017-02-11T10:20:00.000Z;4.741482594609261
Avg processor CPU;2017-02-11T10:30:00.000Z;4.320903015136719
Avg processor CPU;2017-02-11T10:40:00.000Z;4.750239084164301
Avg processor CPU;2017-02-11T10:50:00.000Z;4.850700924793879
Avg processor CPU;2017-02-11T11:00:00.000Z;4.3568244258562725
Avg processor CPU;2017-02-11T11:10:00.000Z;4.858251363039017
Avg processor CPU;2017-02-11T11:20:00.000Z;4.7463530659675595
Avg processor CPU;2017-02-11T11:30:00.000Z;4.438869424661
Avg processor CPU;2017-02-11T11:40:00.000Z;4.853360498944918
Avg processor CPU;2017-02-11T11:50:00.000Z;4.936666890978813
Avg processor CPU;2017-02-11T12:00:00.000Z;4.34039055109024
Avg processor CPU;2017-02-11T12:10:00.000Z;4.844437487920125
Avg processor CPU;2017-02-11T12:20:00.000Z;4.696583032608032
Avg processor CPU;2017-02-11T12:30:00.000Z;4.301679050922393
Avg processor CPU;2017-02-11T12:40:00.000Z;4.780419495701789
Avg processor CPU;2017-02-11T12:50:00.000Z;4.809573113918304
Avg processor CPU;2017-02-11T13:00:00.000Z;4.455529708663622
Avg processor CPU;2017-02-11T13:10:00.000Z;4.800909367203713
Avg processor CPU;2017-02-11T13:20:00.000Z;4.831737265984217
Avg processor CPU;2017-02-11T13:30:00.000Z;4.389641264081002
Avg processor CPU;2017-02-11T13:40:00.000Z;4.884082974990209
Avg processor CPU;2017-02-11T13:50:00.000Z;4.831077473362287
Avg processor CPU;2017-02-11T14:00:00.000Z;4.524148699641228
Avg processor CPU;2017-02-11T14:10:00.000Z;4.897099539637566
Avg processor CPU;2017-02-11T14:20:00.000Z;4.846863773465156
Avg processor CPU;2017-02-11T14:30:00.000Z;4.38954886396726
Avg processor CPU;2017-02-11T14:40:00.000Z;5.092550193270048
Avg processor CPU;2017-02-11T14:50:00.000Z;4.929975602030754
Avg processor CPU;2017-02-11T15:00:00.000Z;4.622583428025246
Avg processor CPU;2017-02-11T15:10:00.000Z;4.855461144447327
Avg processor CPU;2017-02-11T15:20:00.000Z;4.874627548456192
Avg processor CPU;2017-02-11T15:30:00.000Z;4.408754392464956
Avg processor CPU;2017-02-11T15:40:00.000Z;4.896514724691709
Avg processor CPU;2017-02-11T15:50:00.000Z;4.811708395679792
Avg processor CPU;2017-02-11T16:00:00.000Z;4.5587512135505674
Avg processor CPU;2017-02-11T16:10:00.000Z;4.840907616416613
Avg processor CPU;2017-02-11T16:20:00.000Z;4.8322373062372215
Avg processor CPU;2017-02-11T16:30:00.000Z;4.357366816202799
Avg processor CPU;2017-02-11T16:40:00.000Z;4.849662085374197
Avg processor CPU;2017-02-11T16:50:00.000Z;4.826288865009944
Avg processor CPU;2017-02-11T17:00:00.000Z;4.51123404999574
Avg processor CPU;2017-02-11T17:10:00.000Z;7.613386887311936
Avg processor CPU;2017-02-11T17:20:00.000Z;4.952060044805209
Avg processor CPU;2017-02-11T17:30:00.000Z;4.382628013690313
Avg processor CPU;2017-02-11T17:40:00.000Z;5.000386481483778
Avg processor CPU;2017-02-11T17:50:00.000Z;4.888046492139498
Avg processor CPU;2017-02-11T18:00:00.000Z;4.728854473431905
Avg processor CPU;2017-02-11T18:10:00.000Z;4.820036975542704
Avg processor CPU;2017-02-11T18:20:00.000Z;4.8227198431889216
Avg processor CPU;2017-02-11T18:30:00.000Z;4.447145987550417
Avg processor CPU;2017-02-11T18:40:00.000Z;4.792588246862094
Avg processor CPU;2017-02-11T18:50:00.000Z;4.920483862360318
Avg processor CPU;2017-02-11T19:00:00.000Z;4.539374863107999
Avg processor CPU;2017-02-11T19:10:00.000Z;4.829294124245644
Avg processor CPU;2017-02-11T19:20:00.000Z;4.829522293806076
Avg processor CPU;2017-02-11T19:30:00.000Z;4.394977893431982
Avg processor CPU;2017-02-11T19:40:00.000Z;4.8975084622701015
Avg processor CPU;2017-02-11T19:50:00.000Z;4.8380442748467125
Avg processor CPU;2017-02-11T20:00:00.000Z;4.483044062058131
Avg processor CPU;2017-02-11T20:10:00.000Z;4.8585944205522535
Avg processor CPU;2017-02-11T20:20:00.000Z;4.8376696874698
Avg processor CPU;2017-02-11T20:30:00.000Z;4.362251957257588
Avg processor CPU;2017-02-11T20:40:00.000Z;4.8974937568108246
Avg processor CPU;2017-02-11T20:50:00.000Z;5.065102623899778
Avg processor CPU;2017-02-11T21:00:00.000Z;4.569895508885384
Avg processor CPU;2017-02-11T21:10:00.000Z;4.995863402883211
Avg processor CPU;2017-02-11T21:20:00.000Z;4.814284798502922
Avg processor CPU;2017-02-11T21:30:00.000Z;4.418941074609757
Avg processor CPU;2017-02-11T21:40:00.000Z;4.857803246378898
Avg processor CPU;2017-02-11T21:50:00.000Z;4.880198816458384
Avg processor CPU;2017-02-11T22:00:00.000Z;4.489014385143916
Avg processor CPU;2017-02-11T22:10:00.000Z;4.910975489020347
Avg processor CPU;2017-02-11T22:20:00.000Z;4.81231778760751
Avg processor CPU;2017-02-11T22:30:00.000Z;4.363341573874155
Avg processor CPU;2017-02-11T22:40:00.000Z;4.871324401100477
Avg processor CPU;2017-02-11T22:50:00.000Z;4.860924603541692
Avg processor CPU;2017-02-11T23:00:00.000Z;6.385296162962913
Avg processor CPU;2017-02-11T23:10:00.000Z;12.767218871911368
Avg processor CPU;2017-02-11T23:20:00.000Z;4.841306576132775
Avg processor CPU;2017-02-11T23:30:00.000Z;4.333096352219582
Avg processor CPU;2017-02-11T23:40:00.000Z;4.921889335910479
Avg processor CPU;2017-02-11T23:50:00.000Z;4.82549295326074
Avg processor CPU;2017-02-12T00:00:00.000Z;48.52016059756279
Avg processor CPU;2017-02-12T00:10:00.000Z;52.806083242098495
Avg processor CPU;2017-02-12T00:20:00.000Z;52.61736273765564
Avg processor CPU;2017-02-12T00:30:00.000Z;53.35268437067668
Avg processor CPU;2017-02-12T00:40:00.000Z;55.247874402999884
Avg processor CPU;2017-02-12T00:50:00.000Z;54.257608230908716
Avg processor CPU;2017-02-12T01:00:00.000Z;52.710531973838805
Avg processor CPU;2017-02-12T01:10:00.000Z;55.28492384751638
Avg processor CPU;2017-02-12T01:20:00.000Z;54.58180856704712
Avg processor CPU;2017-02-12T01:30:00.000Z;54.154684535662334
Avg processor CPU;2017-02-12T01:40:00.000Z;55.74600207010905
Avg processor CPU;2017-02-12T01:50:00.000Z;55.66052327156067
Avg processor CPU;2017-02-12T02:00:00.000Z;52.06515824794769
Avg processor CPU;2017-02-12T02:10:00.000Z;53.0140146334966
Avg processor CPU;2017-02-12T02:20:00.000Z;54.82210141817728
Avg processor CPU;2017-02-12T02:30:00.000Z;53.65532275835673
Avg processor CPU;2017-02-12T02:40:00.000Z;51.34962981541952
Avg processor CPU;2017-02-12T02:50:00.000Z;53.102690887451175
Avg processor CPU;2017-02-12T03:00:00.000Z;50.0704167842865
Avg processor CPU;2017-02-12T03:10:00.000Z;52.45582675933838
Avg processor CPU;2017-02-12T03:20:00.000Z;52.80441312789917
Avg processor CPU;2017-02-12T03:30:00.000Z;53.9431351184845
Avg processor CPU;2017-02-12T03:40:00.000Z;53.71333645184835
Avg processor CPU;2017-02-12T03:50:00.000Z;51.92802511056264
Avg processor CPU;2017-02-12T04:00:00.000Z;54.139813645680746
Avg processor CPU;2017-02-12T04:10:00.000Z;54.87308983802795
Avg processor CPU;2017-02-12T04:20:00.000Z;55.31468157768249
Avg processor CPU;2017-02-12T04:30:00.000Z;55.40894031524658
Avg processor CPU;2017-02-12T04:40:00.000Z;55.79132784207662
Avg processor CPU;2017-02-12T04:50:00.000Z;50.621912562847136
Avg processor CPU;2017-02-12T05:00:00.000Z;26.2118362903595
Avg processor CPU;2017-02-12T05:10:00.000Z;15.902293374141056
Avg processor CPU;2017-02-12T05:20:00.000Z;14.980159920454025
Avg processor CPU;2017-02-12T05:30:00.000Z;14.658455570538838
Avg processor CPU;2017-02-12T05:40:00.000Z;11.645200205842654
Avg processor CPU;2017-02-12T05:50:00.000Z;4.904467727740606
Avg processor CPU;2017-02-12T06:00:00.000Z;4.567529247204463
Avg processor CPU;2017-02-12T06:10:00.000Z;5.007962807019552
Avg processor CPU;2017-02-12T06:20:00.000Z;5.003440486391385
Avg processor CPU;2017-02-12T06:30:00.000Z;4.434855896234512
Avg processor CPU;2017-02-12T06:40:00.000Z;4.825133172671
Avg processor CPU;2017-02-12T06:50:00.000Z;4.8629596898953125
Avg processor CPU;2017-02-12T07:00:00.000Z;5.9306208908557885
Avg processor CPU;2017-02-12T07:10:00.000Z;5.098168791333834
Avg processor CPU;2017-02-12T07:20:00.000Z;4.847961243987083
Avg processor CPU;2017-02-12T07:30:00.000Z;4.344242737690608
Avg processor CPU;2017-02-12T07:40:00.000Z;4.874559084574381
Avg processor CPU;2017-02-12T07:50:00.000Z;4.852071410417556
Avg processor CPU;2017-02-12T08:00:00.000Z;4.500219063957532
Avg processor CPU;2017-02-12T08:10:00.000Z;4.921811852852503
Avg processor CPU;2017-02-12T08:20:00.000Z;4.829015898704529
Avg processor CPU;2017-02-12T08:30:00.000Z;4.429474110404651
Avg processor CPU;2017-02-12T08:40:00.000Z;4.837492104371389
Avg processor CPU;2017-02-12T08:50:00.000Z;4.879370151956875
Avg processor CPU;2017-02-12T09:00:00.000Z;4.469769047697385
Avg processor CPU;2017-02-12T09:10:00.000Z;7.886203196644783
Avg processor CPU;2017-02-12T09:20:00.000Z;4.930455127358437
Avg processor CPU;2017-02-12T09:30:00.000Z;4.502774393558502
Avg processor CPU;2017-02-12T09:40:00.000Z;4.907444542646408
Avg processor CPU;2017-02-12T09:50:00.000Z;4.8364532868067425
Avg processor CPU;2017-02-12T10:00:00.000Z;4.463731030623118
Avg processor CPU;2017-02-12T10:10:00.000Z;4.935948474208514
Avg processor CPU;2017-02-12T10:20:00.000Z;4.914732696612676
Avg processor CPU;2017-02-12T10:30:00.000Z;4.308903937538465
Avg processor CPU;2017-02-12T10:40:00.000Z;4.913069147864977
Avg processor CPU;2017-02-12T10:50:00.000Z;4.783302779992422
Avg processor CPU;2017-02-12T11:00:00.000Z;4.44379543364048
Avg processor CPU;2017-02-12T11:10:00.000Z;4.895613745848338
Avg processor CPU;2017-02-12T11:20:00.000Z;4.818155068159103
Avg processor CPU;2017-02-12T11:30:00.000Z;4.370990270376206
Avg processor CPU;2017-02-12T11:40:00.000Z;4.882282958428065
Avg processor CPU;2017-02-12T11:50:00.000Z;4.822353014349938
Avg processor CPU;2017-02-12T12:00:00.000Z;4.5353182027737295
Avg processor CPU;2017-02-12T12:10:00.000Z;4.907779594262441
Avg processor CPU;2017-02-12T12:20:00.000Z;4.971889880299568
Avg processor CPU;2017-02-12T12:30:00.000Z;4.558085165421168
Avg processor CPU;2017-02-12T12:40:00.000Z;4.970074401299159
Avg processor CPU;2017-02-12T12:50:00.000Z;4.843170040845871
Avg processor CPU;2017-02-12T13:00:00.000Z;4.51939872999986
Avg processor CPU;2017-02-12T13:10:00.000Z;4.862506677707037
Avg processor CPU;2017-02-12T13:20:00.000Z;4.8171842465798065
Avg processor CPU;2017-02-12T13:30:00.000Z;4.363527377446492
Avg processor CPU;2017-02-12T13:40:00.000Z;4.873192890485128
Avg processor CPU;2017-02-12T13:50:00.000Z;4.773868494232495
Avg processor CPU;2017-02-12T14:00:00.000Z;4.587230436007181
Avg processor CPU;2017-02-12T14:10:00.000Z;4.881597789128621
Avg processor CPU;2017-02-12T14:20:00.000Z;4.807838234305382
Avg processor CPU;2017-02-12T14:30:00.000Z;4.362209091583888
Avg processor CPU;2017-02-12T14:40:00.000Z;4.811851664384206
Avg processor CPU;2017-02-12T14:50:00.000Z;4.864342454075813
Avg processor CPU;2017-02-12T15:00:00.000Z;4.510139142473539
Avg processor CPU;2017-02-12T15:10:00.000Z;4.874609797199567
Avg processor CPU;2017-02-12T15:20:00.000Z;4.983087863524755
Avg processor CPU;2017-02-12T15:30:00.000Z;4.497606844703356
Avg processor CPU;2017-02-12T15:40:00.000Z;4.968491395314535
Avg processor CPU;2017-02-12T15:50:00.000Z;4.871783195932706
Avg processor CPU;2017-02-12T16:00:00.000Z;4.458254166444142
Avg processor CPU;2017-02-12T16:10:00.000Z;4.844410530726115
Avg processor CPU;2017-02-12T16:20:00.000Z;4.89129038353761
Avg processor CPU;2017-02-12T16:30:00.000Z;4.408888868490855
Avg processor CPU;2017-02-12T16:40:00.000Z;4.80284973581632
Avg processor CPU;2017-02-12T16:50:00.000Z;4.875635693470636
Avg processor CPU;2017-02-12T17:00:00.000Z;4.4703635672728215
Avg processor CPU;2017-02-12T17:10:00.000Z;7.70629997253418
Avg processor CPU;2017-02-12T17:20:00.000Z;4.872802660862605
Avg processor CPU;2017-02-12T17:30:00.000Z;4.40531688729922
Avg processor CPU;2017-02-12T17:40:00.000Z;4.895981519420942
Avg processor CPU;2017-02-12T17:50:00.000Z;4.901138328512509
Avg processor CPU;2017-02-12T18:00:00.000Z;4.484634987513225
Avg processor CPU;2017-02-12T18:10:00.000Z;4.889970736702283
Avg processor CPU;2017-02-12T18:20:00.000Z;4.799862253665925
Avg processor CPU;2017-02-12T18:30:00.000Z;4.516173372666041
Avg processor CPU;2017-02-12T18:40:00.000Z;5.0252287934223805
Avg processor CPU;2017-02-12T18:50:00.000Z;4.93423296113809
Avg processor CPU;2017-02-12T19:00:00.000Z;4.432582984368006
Avg processor CPU;2017-02-12T19:10:00.000Z;9.333482745289803
Avg processor CPU;2017-02-12T19:20:00.000Z;16.240985361735028
Avg processor CPU;2017-02-12T19:30:00.000Z;14.701796557505926
Avg processor CPU;2017-02-12T19:40:00.000Z;15.227737945318221
Avg processor CPU;2017-02-12T19:50:00.000Z;15.900929693380991
Avg processor CPU;2017-02-12T20:00:00.000Z;6.144170731306076
Avg processor CPU;2017-02-12T20:10:00.000Z;4.894246989488602
Avg processor CPU;2017-02-12T20:20:00.000Z;4.87955894668897
Avg processor CPU;2017-02-12T20:30:00.000Z;4.320560242732366
Avg processor CPU;2017-02-12T20:40:00.000Z;4.912474132577579
Avg processor CPU;2017-02-12T20:50:00.000Z;4.8746182819207515
Avg processor CPU;2017-02-12T21:00:00.000Z;4.477605544527371
Avg processor CPU;2017-02-12T21:10:00.000Z;4.864930494626363
Avg processor CPU;2017-02-12T21:20:00.000Z;4.829278643925985
Avg processor CPU;2017-02-12T21:30:00.000Z;4.470409857233365
Avg processor CPU;2017-02-12T21:40:00.000Z;4.955169043938319
Avg processor CPU;2017-02-12T21:50:00.000Z;5.068980375925699
Avg processor CPU;2017-02-12T22:00:00.000Z;4.472830965121587
Avg processor CPU;2017-02-12T22:10:00.000Z;4.8937692761421205
Avg processor CPU;2017-02-12T22:20:00.000Z;4.872186946868897
Avg processor CPU;2017-02-12T22:30:00.000Z;4.381403530637423
Avg processor CPU;2017-02-12T22:40:00.000Z;4.883565680185954
Avg processor CPU;2017-02-12T22:50:00.000Z;4.793216512600581
Avg processor CPU;2017-02-12T23:00:00.000Z;6.460206010937691
Avg processor CPU;2017-02-12T23:10:00.000Z;7.994198141495387
Avg processor CPU;2017-02-12T23:20:00.000Z;4.803166146079699
Avg processor CPU;2017-02-12T23:30:00.000Z;4.377723779280981
Avg processor CPU;2017-02-12T23:40:00.000Z;4.941002183159192
Avg processor CPU;2017-02-12T23:50:00.000Z;4.766131223241488
Avg processor CPU;2017-02-13T00:00:00.000Z;52.554370754957205
Avg processor CPU;2017-02-13T00:10:00.000Z;53.168337575594585
Avg processor CPU;2017-02-13T00:20:00.000Z;55.41894515355428
Avg processor CPU;2017-02-13T00:30:00.000Z;51.54870530764262
Avg processor CPU;2017-02-13T00:40:00.000Z;50.038081137339276
Avg processor CPU;2017-02-13T00:50:00.000Z;51.67931977113088
Avg processor CPU;2017-02-13T01:00:00.000Z;53.97781653404236
Avg processor CPU;2017-02-13T01:10:00.000Z;59.19505302111308
Avg processor CPU;2017-02-13T01:20:00.000Z;50.28237846692403
Avg processor CPU;2017-02-13T01:30:00.000Z;54.35496006011963
Avg processor CPU;2017-02-13T01:40:00.000Z;55.52985207239787
Avg processor CPU;2017-02-13T01:50:00.000Z;54.345491258303326
Avg processor CPU;2017-02-13T02:00:00.000Z;53.60068000157674
Avg processor CPU;2017-02-13T02:10:00.000Z;54.27742040952047
Avg processor CPU;2017-02-13T02:20:00.000Z;54.84495899677276
Avg processor CPU;2017-02-13T02:30:00.000Z;54.172557139396666
Avg processor CPU;2017-02-13T02:40:00.000Z;54.97654886245728
Avg processor CPU;2017-02-13T02:50:00.000Z;51.611837077140805
Avg processor CPU;2017-02-13T03:00:00.000Z;52.15839037100474
Avg processor CPU;2017-02-13T03:10:00.000Z;54.214235909779866
Avg processor CPU;2017-02-13T03:20:00.000Z;55.0843264579773
Avg processor CPU;2017-02-13T03:30:00.000Z;54.67017997105916
Avg processor CPU;2017-02-13T03:40:00.000Z;49.99472920099895
Avg processor CPU;2017-02-13T03:50:00.000Z;50.12295908927918
Avg processor CPU;2017-02-13T04:00:00.000Z;5.1731885780890785
Avg processor CPU;2017-02-13T04:10:00.000Z;4.84192401766777
Avg processor CPU;2017-02-13T04:20:00.000Z;4.810164399941763
Avg processor CPU;2017-02-13T04:30:00.000Z;4.463090405861537
Avg processor CPU;2017-02-13T04:40:00.000Z;4.791609638929367
Avg processor CPU;2017-02-13T04:50:00.000Z;4.841650339961052
Avg processor CPU;2017-02-13T05:00:00.000Z;4.486912559469541
Avg processor CPU;2017-02-13T05:10:00.000Z;4.9562999208768215
Avg processor CPU;2017-02-13T05:20:00.000Z;4.802348099152248
Avg processor CPU;2017-02-13T05:30:00.000Z;4.4323092013597485
Avg processor CPU;2017-02-13T05:40:00.000Z;4.868685755133629
Avg processor CPU;2017-02-13T05:50:00.000Z;4.857206980387369
Avg processor CPU;2017-02-13T06:00:00.000Z;4.467141766349474
Avg processor CPU;2017-02-13T06:10:00.000Z;4.913413500785827
Avg processor CPU;2017-02-13T06:20:00.000Z;4.909101696809133
Avg processor CPU;2017-02-13T06:30:00.000Z;4.359796792268753
Avg processor CPU;2017-02-13T06:40:00.000Z;4.948429389794668
Avg processor CPU;2017-02-13T06:50:00.000Z;5.033928885062536
Avg processor CPU;2017-02-13T07:00:00.000Z;4.590333255132039
Avg processor CPU;2017-02-13T07:10:00.000Z;4.972350851694743
Avg processor CPU;2017-02-13T07:20:00.000Z;4.801816448569298
Avg processor CPU;2017-02-13T07:30:00.000Z;4.393809367219607
Avg processor CPU;2017-02-13T07:40:00.000Z;4.87918452123801
Avg processor CPU;2017-02-13T07:50:00.000Z;4.861870528260867
Avg processor CPU;2017-02-13T08:00:00.000Z;4.493423065543174
Avg processor CPU;2017-02-13T08:10:00.000Z;4.922554137309392
Avg processor CPU;2017-02-13T08:20:00.000Z;4.839432616035143
Avg processor CPU;2017-02-13T08:30:00.000Z;4.395976123213768
Avg processor CPU;2017-02-13T08:40:00.000Z;4.876477767030398
Avg processor CPU;2017-02-13T08:50:00.000Z;4.893073808153471
Avg processor CPU;2017-02-13T09:00:00.000Z;4.478511510292689
Avg processor CPU;2017-02-13T09:10:00.000Z;7.735506152113279
Avg processor CPU;2017-02-13T09:20:00.000Z;4.793948104977607
Avg processor CPU;2017-02-13T09:30:00.000Z;4.581483948230743
Avg processor CPU;2017-02-13T09:40:00.000Z;4.8979875355958935
Avg processor CPU;2017-02-13T09:50:00.000Z;4.950375290711721
Avg processor CPU;2017-02-13T10:00:00.000Z;4.800068651636442
Avg processor CPU;2017-02-13T10:10:00.000Z;5.120149072011312
Avg processor CPU;2017-02-13T10:20:00.000Z;5.104694558183352
Avg processor CPU;2017-02-13T10:30:00.000Z;4.50952083170414
Avg processor CPU;2017-02-13T10:40:00.000Z;4.944902888933818
Avg processor CPU;2017-02-13T10:50:00.000Z;4.843360290924709
Avg processor CPU;2017-02-13T11:00:00.000Z;4.537983626127243
Avg processor CPU;2017-02-13T11:10:00.000Z;4.955627609292666
Avg processor CPU;2017-02-13T11:20:00.000Z;4.8443726152181625
Avg processor CPU;2017-02-13T11:30:00.000Z;4.4375032444794975
Avg processor CPU;2017-02-13T11:40:00.000Z;4.994678274790446
Avg processor CPU;2017-02-13T11:50:00.000Z;4.829803888996443
Avg processor CPU;2017-02-13T12:00:00.000Z;4.578203117847442
Avg processor CPU;2017-02-13T12:10:00.000Z;4.985728331406911
Avg processor CPU;2017-02-13T12:20:00.000Z;4.770088046789169
Avg processor CPU;2017-02-13T12:30:00.000Z;4.480101307233174
Avg processor CPU;2017-02-13T12:40:00.000Z;4.962546862165134
Avg processor CPU;2017-02-13T12:50:00.000Z;5.014809166391691
Avg processor CPU;2017-02-13T13:00:00.000Z;4.618369115392367
Avg processor CPU;2017-02-13T13:10:00.000Z;5.12303201854229
Avg processor CPU;2017-02-13T13:20:00.000Z;4.923609653115273
Avg processor CPU;2017-02-13T13:30:00.000Z;4.4436634858449295
Avg processor CPU;2017-02-13T13:40:00.000Z;4.912313177188238
Avg processor CPU;2017-02-13T13:50:00.000Z;4.497159115970135
